{
  "id": "ea7034a4-851d-4f65-a386-fe27460949bf",
  "prevId": "00000000-0000-0000-0000-000000000000",
  "version": "7",
  "dialect": "postgresql",
  "tables": {
    "public.mockInterview": {
      "name": "mockInterview",
      "schema": "",
      "columns": {
        "id": {
          "name": "id",
          "type": "serial",
          "primaryKey": true,
          "notNull": true
        },
        "jsonMockResp": {
          "name": "jsonMockResp",
          "type": "text",
          "primaryKey": false,
          "notNull": true
        },
        "jobPosition": {
          "name": "jobPosition",
          "type": "varchar",
          "primaryKey": false,
          "notNull": true
        },
        "jobDesc": {
          "name": "jobDesc",
          "type": "varchar",
          "primaryKey": false,
          "notNull": true
        },
        "jobExperience": {
          "name": "jobExperience",
          "type": "varchar",
          "primaryKey": false,
          "notNull": true
        },
        "createdBy": {
          "name": "createdBy",
          "type": "varchar",
          "primaryKey": false,
          "notNull": true
        },
        "createdAt": {
          "name": "createdAt",
          "type": "varchar",
          "primaryKey": false,
          "notNull": false
        },
        "mockId": {
          "name": "mockId",
          "type": "varchar",
          "primaryKey": false,
          "notNull": true
        }
      },
      "indexes": {},
      "foreignKeys": {},
      "compositePrimaryKeys": {},
      "uniqueConstraints": {},
      "policies": {},
      "checkConstraints": {},
      "isRLSEnabled": false
    }
  },
  "enums": {},
  "schemas": {},
  "sequences": {},
  "roles": {},
  "policies": {},
  "views": {},
  "_meta": {
    "columns": {},
    "schemas": {},
    "tables": {}
  }
}